{
    "products" : [
        {
            "id": 1,
            "name": "Apple",
            "selling_price": 200,
            "original_price": 220,
            "discount": "10%",
            "reviews": 4,
            "rating": 4,
            "category": "fruits",
            "image": "../../assets/images/apple.jpg",
            "quantity": 0
        },
        {
            "id": 2,
            "name": "Blue Berries",
            "selling_price": 400,
            "original_price": 440,
            "discount": "10%",
            "reviews": 8,
            "rating": 2,
            "category": "fruits",
            "image": "../../assets/images/berries.jpg",
            "quantity": 0
        },
        {
            "id": 3,
            "name": "Mango",
            "selling_price": 190,
            "original_price": 209,
            "discount": "10%",
            "reviews": 4,
            "rating": 2,
            "category": "fruits",
            "image": "../../assets/images/mango.jpg",
            "quantity": 0
        },
        {
            "id": 4,
            "name": "Carrot",
            "selling_price": 50,
            "original_price": 55,
            "discount": "10%",
            "reviews": 4,
            "rating": 2,
            "category": "fruits",
            "image": "../../assets/images/carrots.jpg",
            "quantity": 0
        },
        {
            "id": 5,
            "name": "Potato",
            "selling_price": 40,
            "original_price": 44,
            "discount": "10%",
            "reviews": 4,
            "rating": 2,
            "category": "fruits",
            "image": "../../assets/images/potato.jpg",
            "quantity": 0
        },
        {
            "id": 6,
            "name": "Orange",
            "selling_price": 80,
            "original_price": 88,
            "discount": "10%",
            "reviews": 4,
            "rating": 2,
            "category": "fruits",
            "image": "../../assets/images/orange.jpg",
            "quantity": 0
        },
        {
            "id": 7,
            "name": "Milk",
            "selling_price": 18,
            "original_price": 20,
            "discount": "10%",
            "reviews": 4,
            "rating": 4,
            "category": "dairy",
            "image": "../../assets/images/milk.jpg",
            "quantity": 0
        },
        {
            "id": 8,
            "name": "Paneer",
            "selling_price": 240,
            "original_price": 264,
            "discount": "10%",
            "reviews": 8,
            "rating": 2,
            "category": "dairy",
            "image": "../../assets/images/paneer.jpg",
            "quantity": 0
        },
        {
            "id": 9,
            "name": "Butter",
            "selling_price": 90,
            "original_price": 100,
            "discount": "10%",
            "reviews": 4,
            "rating": 2,
            "category": "dairy",
            "image": "../../assets/images/butter.jpg",
            "quantity": 0
        },
        {
            "id": 10,
            "name": "Jam",
            "selling_price": 50,
            "original_price": 55,
            "discount": "10%",
            "reviews": 4,
            "rating": 2,
            "category": "grocery",
            "image": "../../assets/images/jam.jpg",
            "quantity": 0
        },
        {
            "id": 11,
            "name": "Snackbar",
            "selling_price": 45,
            "original_price": 50,
            "discount": "10%",
            "reviews": 4,
            "rating": 2,
            "category": "grocery",
            "image": "../../assets/images/snackbar.jpg",
            "quantity": 0
        },
        {
            "id": 12,
            "name": "Green Tea",
            "selling_price": 150,
            "original_price": 165,
            "discount": "10%",
            "reviews": 4,
            "rating": 2,
            "category": "grocery",
            "image": "../../assets/images/tea.jpg",
            "quantity": 0
        },
        {
            "id": 13,
            "name": "Donuts",
            "selling_price": 200,
            "original_price": 220,
            "discount": "10%",
            "reviews": 4,
            "rating": 4,
            "category": "confectionery",
            "image": "../../assets/images/donut.jpg",
            "quantity": 0
        },
        {
            "id": 14,
            "name": "Candy",
            "selling_price": 20,
            "original_price": 22,
            "discount": "10%",
            "reviews": 8,
            "rating": 2,
            "category": "confectionery",
            "image": "../../assets/images/candy.jpg",
            "quantity": 0
        },
        {
            "id": 15,
            "name": "Chocolate",
            "selling_price": 500,
            "original_price": 550,
            "discount": "10%",
            "reviews": 4,
            "rating": 2,
            "category": "confectionery",
            "image": "../../assets/images/chocolate.jpg",
            "quantity": 0
        },
        {
            "id": 16,
            "name": "Cleaners",
            "selling_price": 180,
            "original_price": 198,
            "discount": "10%",
            "reviews": 4,
            "rating": 2,
            "category": "household",
            "image": "../../assets/images/cleaners.jpg",
            "quantity": 0
        },
        {
            "id": 17,
            "name": "Colin",
            "selling_price": 40,
            "original_price": 44,
            "discount": "10%",
            "reviews": 4,
            "rating": 2,
            "category": "household",
            "image": "../../assets/images/colin.jpg",
            "quantity": 0
        },
        {
            "id": 18,
            "name": "Detergent",
            "selling_price": 90,
            "original_price": 100,
            "discount": "10%",
            "reviews": 4,
            "rating": 2,
            "category": "household",
            "image": "../../assets/images/detergent.jpg",
            "quantity": 0
        },
        {
            "id": 19,
            "name": "Omega",
            "selling_price": 18,
            "original_price": 20,
            "discount": "10%",
            "reviews": 4,
            "rating": 4,
            "category": "health",
            "image": "../../assets/images/omega.jpg",
            "quantity": 0
        },
        {
            "id": 20,
            "name": "Protein",
            "selling_price": 1000,
            "original_price": 1100,
            "discount": "10%",
            "reviews": 8,
            "rating": 2,
            "category": "health",
            "image": "../../assets/images/protein.jpg",
            "quantity": 0
        },
        {
            "id": 21,
            "name": "Multi Vitamin",
            "selling_price": 90,
            "original_price": 100,
            "discount": "10%",
            "reviews": 4,
            "rating": 2,
            "category": "health",
            "image": "../../assets/images/vitamin.jpg",
            "quantity": 0
        }
    ]
}